symbol,start_ts,level_price,side,label,body_volume_slope,price_return_kurtosis,volume_autocorrelation,poc_to_level_dist,squeeze_ratio,taker_ratio,wall_size_usd,wall_eaten_pct,book_depth_behind,book_imbalance,box_width_pct,duration_mins,episode_touches,volume_trend,level_touches,tick_speed_accel,trade_size_entropy,buy_sell_clustering
ENJUSDT,1773613800000,0.01865816,resistance,REJECTED,0.0008310234437719744,2.8626033640398236,0.05389904721098443,-0.009520428820983688,0.5714285714285927,0.40893248309781144,59522.2099,-0.600802020553252,131685.54871,-0.1312045326646661,0.00858,40.0,0,-0.00411,125,,,
ENJUSDT,1773622500000,0.01865816,resistance,REJECTED,-0.0036944869026284974,2.0565239100315535,0.01313251856479047,-0.008970366119477461,1.0,0.6504253490433877,56535.99568,-0.044724999596632564,121611.99423,-0.06180978127907089,0.00482,65.0,0,-0.035872,125,,,
ENJUSDT,1773629100000,0.01865816,support,REJECTED,-0.0004210701222555062,1.7587777014102741,0.12637989467662025,0.0075033065820446915,5.0,0.5350399263987935,48595.87818,0.07390757937776316,220994.61147,0.028463897088168596,0.0209,140.0,1,-0.006769,125,,,
ENJUSDT,1773640800000,0.01865816,support,REJECTED,0.0029349645139405502,2.2601692185504643,-0.005310231640878421,0.00867395284422472,1.500000000000029,0.4653204434950183,45699.45899,0.09526696653767852,217765.47317,-0.011997379159063154,0.01018,160.0,0,0.016224,125,,,
ENJUSDT,1773665100000,0.01865816,support,REJECTED,0.007417201592733506,0.3542865153016881,0.2138895610090597,0.008547015297723384,0.9999999999997687,0.44197557761387546,53335.5274,-0.08995149188760387,213504.29907,-0.23921171475439754,0.00697,70.0,0,0.070028,125,,,
ENJUSDT,1773671100000,0.01865816,support,REJECTED,-0.013480608132787017,3.9433831545200695,0.5982853829881107,0.004583743012511156,2.0,0.4234169594952459,50078.3992,0.10731506542540781,223135.82949,-0.30033587785494636,0.01393,105.0,1,-0.068622,125,,,
ENJUSDT,1773753300000,0.01978988,support,REJECTED,-0.01876171318172772,-0.2457997763354025,0.39936269477498576,0.010098941585561017,0.6333333333333534,0.44543325946639484,83039.01472,-0.07388799901564491,377803.88643,0.09890623732712973,0.02324,45.0,1,-0.081859,327,0.0,2.7381848075865367,0.8085158749692345
ENJUSDT,1773759600000,0.02067455,resistance,REJECTED,-0.0008789783478876411,3.6504706470927357,0.5737553337528243,0.021991314263951994,0.9032258064516061,0.5245498688999529,66141.49184,-0.113640334435958,274238.914,0.2537362912659038,0.04498,100.0,3,-0.001366,418,0.4,0.7275836984112838,0.8395956309147808
ENJUSDT,1773768000000,0.02067455,resistance,REJECTED,-0.018181247710019156,1.0288843905334573,0.15681490419273228,-0.015698044213779735,1.7142857142857462,0.4661127555501525,59757.10808,0.15220785283599336,226469.10348,0.14888604828077814,0.01258,40.0,0,-0.039729,418,0.0,2.308985545926398,0.7624309392265193
ENJUSDT,1773790200000,0.02067455,resistance,REJECTED,-0.017069529662786125,0.0017282975455774618,0.5370668818714882,-0.00216755179168285,1.2307692307692484,0.5400961305467749,52449.61348,0.13717104753551068,210166.42141,0.08480159776441216,0.02757,40.0,2,-0.184675,418,,,
ENJUSDT,1773797400000,0.02067455,support,REJECTED,0.001055194517393899,0.28092378444388366,0.3183508723157971,0.012546699609957754,0.8000000000000083,0.48801921925918995,86303.74753,-0.3229771053278194,349135.56157,0.24035870298742743,0.03047,130.0,6,-0.004962,418,0.2,1.7533623213425682,0.6934073168437882
ENJUSDT,1773833700000,0.02576692,resistance,FAKE,-0.014096462302462469,11.822847925184076,0.3281263380110803,-0.00988921985406497,0.5604395604395599,0.4923736901667943,98940.14349,0.08898461518481016,660048.21543,0.14221147723945313,0.06481,75.0,2,-0.108625,26,-0.6,0.8690009010515128,0.970358521515931
ENJUSDT,1773841200000,0.02376944,resistance,REJECTED,-0.010636026409386948,0.27535276650551443,0.35257751828818035,0.006954174860882977,0.5230769230769196,0.5124491259286342,153339.77705,0.08237190661931593,585357.62542,-0.04953303460875483,0.03576,80.0,6,-0.050844,72,-2.6,0.3978705357417028,0.8352292335873
ENJUSDT,1773849600000,0.02376944,support,BROKE,-0.048129295583548955,1.1077862653453194,0.7217411963453197,0.004584923020129091,0.3619047619047629,0.5312473654248512,120635.14587,0.3396698131096092,866234.33415,-0.11802354501201553,0.08162,45.0,1,-0.365224,72,,,
ENJUSDT,1773853800000,0.02376944,resistance,REJECTED,-0.0043034058900030935,1.6966543640943281,0.3020444476276548,0.001861390530290888,0.6499999999999978,0.5031723886453695,115763.23119,0.12360795166596983,626208.24094,0.11127486710354213,0.04291,95.0,3,-0.049632,72,1.4,1.898282855872172,0.8019521471678343
ENJUSDT,1773870300000,0.02266716,support,FAKE,0.017900245084362814,1.4752292308487887,-0.012873160771321342,-0.006619917838939896,1.0555555555555525,0.49090377191111356,158326.08578,-0.35414116800839457,759698.92595,0.017677042842292167,0.02073,35.0,2,0.084506,67,0.0,2.0119415634071567,0.7894102583414928
ENJUSDT,1773876900000,0.02376944,resistance,BROKE,-0.01127693437403914,1.1969882585158227,0.3298185005501148,0.002127101017104382,0.5999999999999862,0.5083939736153981,175425.09423,-0.20416055140056755,647401.13752,-0.03592855343029735,0.03786,60.0,1,-0.060448,72,0.2,1.8447191364499331,0.8625572156171916
ENJUSDT,1773884400000,0.02474909,resistance,REJECTED,-0.001634253731969324,1.0965762185867565,0.23332643120530558,0.0037157985032557927,1.948717948717925,0.4795515788084929,186132.33771,-0.4553130848877953,665316.58994,-0.07079363592449339,0.04081,70.0,3,0.02001,55,-0.4,0.08356763539688572,0.8942310881422675
ENJUSDT,1773889500000,0.02376944,resistance,BROKE,8.721119308226863e-05,6.910038409227964,0.3341482708679047,-0.004261021936703472,0.7258064516128973,0.46092879071054643,187366.60565,-0.5906827471523513,653406.56568,-0.01609041027366824,0.03828,65.0,1,-0.089555,72,0.4,1.4715513841253074,0.8915395898486148
ENJUSDT,1773897300000,0.02474909,support,FAKE,-0.011727989399361845,0.8869533298619294,0.24973514486004447,0.0018762837659677515,0.5420560747663535,0.49434317666954536,137240.47688,0.39272145132458325,903995.46237,-0.2983332222313669,0.04243,60.0,3,-0.060784,55,-0.4,0.5335196060547648,1.0658667478713433
ENJUSDT,1773904800000,0.02576692,resistance,BROKE,-0.012742886413261925,1.89901377234384,0.354019495752029,-0.0032405482443544327,0.6590909090909107,0.4801620918636303,252009.04395,-0.46908620733010453,709075.58295,-0.12902762014156602,0.03532,40.0,3,-0.031795,26,0.6,0.958506923584853,0.9367248288103155
ENJUSDT,1773908100000,0.02474909,resistance,REJECTED,-0.014967991628789923,-0.17620947896252392,0.49473337769154774,0.0003344939572578512,0.5512820512820491,0.5110052537265355,157327.78489,0.15809100168736012,593214.44508,0.16195466687746876,0.03394,55.0,2,-0.096952,55,-3.4,0.5647838316084015,0.9248535201169936
ENJUSDT,1773912000000,0.02376944,support,BROKE,-0.016448064290550922,0.9103985142751054,0.34401218103700487,0.007430239483090408,0.4313725490196038,0.4893176639570659,244859.55439,-0.20772940345956492,968148.26166,-0.030599149795595863,0.02735,55.0,1,-0.082407,72,0.2,1.2038856646601586,0.9655494639315662
ENJUSDT,1773930000000,0.02266716,support,REJECTED,-0.0170136079603783,0.8488530445086453,0.2764835514048785,0.004780762821168445,1.250000000000026,0.4858742108893769,240981.77233,-0.032097965957432084,863643.88036,0.07375209511791306,0.02073,40.0,2,-0.048952,67,0.4,1.1635402011210707,1.1565217391304348
ENJUSDT,1773935400000,0.02376944,resistance,REJECTED,-0.012683459458038584,2.1877187393906468,0.5216554948445973,0.011382682974441113,0.8979591836734667,0.5040109415721498,154699.75079,0.20389980200999924,619829.40057,0.06610482724587252,0.03913,65.0,2,-0.136163,72,0.2,0.18304934338548973,0.8596113096699678
ENJUSDT,1773943200000,0.02376944,resistance,REJECTED,-0.006730155114304031,-0.47167762780726274,0.25410256805299336,-0.006076710263262372,0.8857142857142727,0.4851882886479999,174932.30034,0.025757550858284017,686757.63811,0.16289362704176952,0.01809,35.0,0,-0.061036,72,0.2,2.3442850146145164,0.7679700064535294
ENJUSDT,1773960300000,0.02474909,support,REJECTED,-0.0019364669340604505,2.2044490888221713,0.4985036293344666,0.004481376891029076,0.47826086956521585,0.46646089711881733,221913.46972,-0.43515038885344715,1116836.36881,0.12581522895820507,0.03919,105.0,1,-0.066799,55,-0.2,2.3002670520728543,0.7985127478753541
ENJUSDT,1773968700000,0.02474909,resistance,BROKE,-0.025222266544628915,0.18179559386279154,0.1422373584738155,0.003152247745589516,1.319148936170223,0.4678908651551855,200215.90999,-0.2074011376303675,569012.05992,0.10202547284113048,0.02869,35.0,2,-0.127312,55,-1.0,1.5186446564056293,0.7916506431392692
ENJUSDT,1773973200000,0.02576692,resistance,REJECTED,-0.02176981354688205,2.1412914521561848,0.3507197836609061,-0.011421171837869136,0.5844155844155761,0.49711631442571735,200215.90999,0.0,569012.05992,0.10202547284113048,0.03338,55.0,2,-0.164835,26,-1.2,2.2449809374032954,0.7947854321645788
ENJUSDT,1773991800000,0.02474909,resistance,REJECTED,-0.01185412312696562,2.827488532591499,0.11275935337765504,-0.006024059874524721,1.0416666666666354,0.5021786990617513,169994.40871,-0.02305846001321621,444626.00653,0.057417312741381045,0.01859,55.0,1,-0.108742,55,-1.0,1.46877477825706,0.7625586958447772
ENJUSDT,1773998700000,0.02474909,support,REJECTED,0.00013713907315397633,1.9285250872348874,0.4373774469740267,0.0074373601104864755,1.3333333333333206,0.5110228156211929,247532.93014,-0.14415752433992468,920903.10644,0.1714070210219738,0.04283,165.0,4,0.001078,55,0.4,1.33325316013107,0.7569387508232416
ENJUSDT,1774010100000,0.02474909,support,REJECTED,-0.0021177702494943416,0.012972580436703574,0.04510526314486794,0.0036732663706018926,0.4545454545454612,0.4837761703909372,324332.46747,-0.8093280578570796,958701.30387,0.39793020012998587,0.01374,50.0,1,-0.078853,55,0.0,1.2189862015434174,0.7374599294296718
ENJUSDT,1774017900000,0.02576692,resistance,REJECTED,-0.02258724932159491,0.36522753731146773,0.6026692781647724,-0.005446559101032577,0.7499999999999973,0.49704412471731185,210175.65117,-0.17021686013441695,629187.2672,-0.0018848567181506488,0.04036,70.0,1,-0.13938,26,,,
ENJUSDT,1774028400000,0.02474909,resistance,REJECTED,0.004985547290286435,2.8270298024470426,0.2542718307104242,-0.004758728928066431,0.724137931034472,0.48043484931900365,166693.27161,0.14372809518839624,464546.75302,0.1682290589995904,0.02828,120.0,0,0.005944,55,0.0,1.1620946893696331,0.7134670487106017
ENJUSDT,1774052700000,0.02376944,resistance,REJECTED,-0.007523101649781715,2.478051169835088,0.23645205788479465,-0.0031538949083137926,0.38888888888889317,0.4871735574687514,176884.17646,-0.0769524277173752,387050.08108,0.19002426481595827,0.02608,145.0,10,-0.037019,72,-0.2,2.076279933364156,0.6139380530973451
ENJUSDT,1774085100000,0.02376944,support,REJECTED,-0.001391971913106444,1.2994835427942482,0.44829486603445284,0.004928132398929848,1.312500000000008,0.49107841552835135,172791.61843,0.23009343584675657,723431.45619,-0.03560147289187581,0.02608,335.0,12,-0.005105,72,0.2,1.270841324359772,0.8861123990336514
ENJUSDT,1774107300000,0.02376944,resistance,REJECTED,-0.005503941444268723,1.7642681614539772,0.31551899459895577,-0.006032425182126668,0.666666666666686,0.49303001361642623,204478.3756,-0.03093098870909694,457072.35775,0.04317569528246122,0.0265,245.0,7,-0.028965,72,,,
ENJUSDT,1774137000000,0.02266716,resistance,REJECTED,-0.013997354106175914,1.7580542724874357,0.6471931366269124,0.0004039230972774983,0.2888888888888799,0.45543274085343455,155832.79195,0.08618086975336015,394509.80873,0.1700623918430305,0.03088,165.0,3,-0.071038,67,0.2,1.0921956368697847,0.8469485568218128
ENJUSDT,1774152600000,0.02266716,resistance,BROKE,0.0005531105529822902,0.6635486533242774,0.09228039576565214,-0.0022895167328091915,1.6666666666666412,0.5259446371440606,150589.61505,0.05857481268332365,383292.42628,0.07887634407751605,0.02294,170.0,7,0.004565,67,0.2,2.1747698548497554,0.882213438735178
ENJUSDT,1774165500000,0.02266716,resistance,REJECTED,-0.00854743879183193,0.7936939537751342,0.09447789332996055,-0.008593559093744825,0.42857142857140734,0.46192361088424083,166140.44277,-0.06594309027003331,387915.87434,-0.035098743344068456,0.02338,80.0,2,-0.047815,67,,,
ENJUSDT,1774197300000,0.0216781,resistance,REJECTED,-0.0030309954097836,1.1218925436613754,0.22306016436634502,-0.005035156751696258,1.099999999999962,0.4790428361315985,156996.10768,0.07729997377546294,439470.09786,0.1566289082615909,0.02168,150.0,1,-0.016561,100,0.2,1.5916843825982836,0.9048792508624939
ENJUSDT,1774218600000,0.02067455,support,REJECTED,-0.0017703899892481257,0.4972912157703453,-0.04865897602496572,0.008244435791831142,2.1666666666665315,0.49908659216689316,155246.90641,-0.03384371218879556,504144.23585,-0.032916858144054637,0.00919,95.0,0,0.006316,418,0.2,2.037232749930332,0.6080463273392258
ENJUSDT,1774233300000,0.0216781,resistance,REJECTED,-0.04514949895563902,4.460386500546575,0.3518709297002417,-0.00973308255068974,0.29166666666665403,0.49242257342183715,156890.82833,-0.017373098703648004,353018.41203,0.10846589369293859,0.01984,35.0,1,-0.355545,100,,,
ENJUSDT,1774263900000,0.0216781,resistance,BROKE,-0.015437574426100793,1.1860373438326057,0.7856775566305906,-0.005593566536589452,0.21052631578947617,0.5325619866798289,147817.59461,-0.020364499828322558,333038.3767,0.03236819424084374,0.04244,150.0,8,-0.080763,100,0.2,1.121446527754322,0.7970165157165691
ENJUSDT,1774277100000,0.0216781,support,REJECTED,0.005127292275551927,1.3218997522179055,0.12256193455251559,0.002940391697757547,1.0,0.4992137843187913,177499.25073,0.04372703966471647,564308.84746,0.14333242404806107,0.01707,100.0,3,0.004322,100,0.0,2.791104613204213,0.6603139013452914
ENJUSDT,1774284900000,0.0216781,support,REJECTED,-0.0010394227199617004,1.476957887454366,0.14226993099913324,0.011000915549260479,1.0769230769230194,0.48904530420767117,169841.44484,-0.28264233287232887,532642.52799,0.12122582985931789,0.01845,155.0,6,-0.010993,100,,,
ENJUSDT,1774305300000,0.0216781,support,BROKE,0.005367992664302681,7.840303967641505,0.005866290052489827,-0.0032870913381171946,2.6666666666667824,0.4963580771895329,123240.56474,0.3825043659826479,522868.37536,0.0733493131291885,0.02629,130.0,5,0.025911,100,,,
ENJUSDT,1774314600000,0.0216781,resistance,REJECTED,-0.04465781339847022,2.363795017413731,0.5924378962492527,-0.007450886038517096,0.48837209302324835,0.4885154517340758,134984.85519,-0.25402253955022647,312402.12108,0.20089638025797374,0.02076,60.0,3,-0.202608,100,0.2,1.42226067423286,0.750392054364872
ENJUSDT,1774326900000,0.02067455,support,REJECTED,0.0013820781404812127,8.137087384509353,0.039281207777877324,0.0012309820528137144,1.16666666666658,0.47906650008393487,111954.33572,0.258318783970806,445492.03898,0.11333411719991904,0.01838,235.0,5,0.008363,418,,,
ENJUSDT,1774348200000,0.02067455,support,REJECTED,0.0027117349070635375,2.3250118554625474,0.17741279371501983,-0.0019129799681250285,1.0833333333333885,0.48370438701257706,128149.73938,-0.4008534550929983,487456.29109,0.01335706741503537,0.02757,340.0,18,0.013016,418,0.6,0.6875252071727501,0.8113462024782938
ENJUSDT,1774370100000,0.02067455,support,REJECTED,0.0013095059221155763,3.735295408333643,0.01660926717767183,0.003649414376612683,0.27272727272729996,0.4311346382321981,98896.45192,0.2388935771284768,403591.07462,-0.08301362831081252,0.01838,200.0,16,0.00663,418,0.4,1.2253162967863045,0.6509291813159217
ENJUSDT,1774389600000,0.02067455,support,REJECTED,-0.016475614984746263,0.34860536874893056,0.18634694567238008,0.009033608444860288,0.8181818181817925,0.4615809243231095,134283.63789,-0.009767616308517413,447792.32985,0.07016325830138746,0.00484,60.0,0,-0.086323,418,,,
ENJUSDT,1774407600000,0.0216781,resistance,REJECTED,-0.00566593972355223,0.8279932980049609,0.048183856412889935,-0.0038090830935609684,1.0000000000000435,0.4888809389416741,103126.06524,0.06758567800247173,246466.265,0.10490117275680674,0.01707,40.0,2,-0.04531,100,0.2,1.8910643184726812,0.7912145607280364
ENJUSDT,1774466400000,0.02067455,support,REJECTED,-0.011917270962740102,1.349293338785035,0.08191784391187272,0.004069457885483273,1.1666666666664642,0.40735237174845407,124622.08638,0.08244748547908354,438473.99217,0.013044223034854557,0.01112,105.0,1,-0.069429,418,,,
ENJUSDT,1774479900000,0.02067455,support,REJECTED,0.010140829086304093,-0.24382488016603476,0.32604351075600857,0.008957236897792908,1.2222222222222223,0.500666506431463,116115.61435,-0.1109579934967384,384240.2642,-0.014217814877540369,0.00435,50.0,0,-0.026655,418,,,
ENJUSDT,1774485300000,0.02067455,support,BROKE,0.0009779287018152093,8.285722570704522,0.08185599602568723,-0.004980570441996559,1.1666666666665992,0.42793805313364164,100672.98559,0.0863006322575085,332601.4272,0.0794490100892286,0.02709,300.0,3,0.00347,418,0.4,1.1303818156949255,0.7249695493300853
ENJUSDT,1774525200000,0.02067455,resistance,BROKE,-0.002155952670718976,4.640528810814015,0.674547451746615,0.013475886765943652,0.4999999999999877,0.5006915409265289,79342.65326,0.10435409147817465,220095.06648,0.09760283395479602,0.03192,165.0,9,-0.012974,418,0.0,2.239615795354709,0.898876404494382
ENJUSDT,1774538400000,0.0216781,support,REJECTED,-0.018794621533688386,2.480407043448666,0.5718362474069212,0.014618439807916835,0.4184397163120564,0.5058327819396894,110317.42504,-0.2576474989708628,543507.10801,0.04783471327143483,0.0572,45.0,2,-0.141083,100,-1.2,1.7433725370418969,0.8243827783246878
ENJUSDT,1774543800000,0.02266716,support,BROKE,-0.007686423508398177,-0.138035488931473,0.2520105069749599,-0.008454243240464406,0.7346938775510227,0.5022022626555996,152330.79618,-0.054132094369297556,688997.28918,0.2392021769829194,0.03882,70.0,2,0.00223,67,-0.4,1.7910858835080594,0.7689715896945205
ENJUSDT,1774549800000,0.02266716,resistance,REJECTED,-0.0008211887140803342,-0.2694942290205291,0.4065845047792364,0.0015184499235202451,0.7307692307692514,0.4803608218881451,92696.04365,0.04036516863020667,451336.33078,0.4109544773307313,0.02647,50.0,4,-0.027481,67,0.2,1.7162505111213255,0.9200678469203859
ENJUSDT,1774554900000,0.02266716,resistance,REJECTED,-0.02374486295100126,2.29506203875264,0.6352813711249184,0.004978126946648938,0.722222222222233,0.4907504076264308,91591.48408,0.19025129799683205,393835.67397,0.32632342701604944,0.03353,115.0,6,-0.128672,67,0.2,1.8320369068552087,0.5810493343774471
ENJUSDT,1774589700000,0.0216781,support,BROKE,0.0054955933258905975,-0.01364433809191734,0.18227191126588332,0.0011559082547290636,0.833333333333314,0.4823135675765178,195091.66559,-0.42862994174686175,576503.88671,0.2803899738755382,0.02491,125.0,8,0.022138,100,0.2,1.3577959114318567,0.7926574262157965
ENJUSDT,1774608900000,0.02067455,support,REJECTED,0.0011447481111581273,1.430624637781134,0.1546792920958868,0.0008745814998326636,0.5384615384615508,0.5565258471144875,164597.60212,-0.2535401726419517,512187.75365,0.16246111021820828,0.02418,340.0,20,0.002374,418,,,
ENJUSDT,1774632300000,0.02067455,support,BROKE,-0.0017927506336264832,2.028196256149572,0.17780928713306043,0.0003272520791836663,1.9999999999997222,0.44058286106543776,137169.98808,0.22160221359933918,499148.51592,0.12425490879497819,0.02515,275.0,24,-0.010228,418,0.2,0.4722849387444358,0.5795904016876153
ENJUSDT,1774663200000,0.01978988,resistance,REJECTED,-0.010491240496622754,1.6865375567403742,0.28390653031349156,-0.0023343137741958626,1.5000000000000577,0.4099619385475197,131646.89662,-0.10368738449427561,268772.09239,0.15034709017743558,0.02375,90.0,1,-0.046892,327,0.2,1.0864013658075922,0.8764227642276422
ENJUSDT,1774671300000,0.01978988,support,REJECTED,0.0019926169010650017,8.999151717198599,-0.057114692557113336,-0.00245399216803316,1.1999999999999167,0.5038496798482374,146764.35003,0.1599091429652051,406978.41812,0.07652940247540609,0.02324,115.0,7,0.007647,327,0.2,0.8322844738113865,1.026
ENJUSDT,1774681200000,0.01978988,support,REJECTED,-0.001256119461005376,21.601652716032152,0.44635433652230894,0.004553842671102733,0.5555555555555941,0.5012879753208779,129748.07344,0.25469682279517114,377368.7495,0.02704395873695358,0.02072,495.0,27,-0.007024,327,0.0,0.8205642491401594,0.9084398976982098
ENJUSDT,1774711200000,0.01978988,resistance,BROKE,0.0005498072325498607,19.58091422050745,0.16773463235609862,-0.008929923034558902,2.083333333333331,0.4975889452085542,124410.77573,-0.021909523568694356,280572.80629,0.06390201708327918,0.02425,310.0,17,0.013624,327,0.2,0.6908381852723263,0.7901819931908521
ENJUSDT,1774734900000,0.01978988,resistance,BROKE,-0.00167578346978252,1.752214233070576,0.14448126624795063,0.0020272988012055215,0.5384615384615508,0.509498587314466,78683.97518,-0.01715935405641189,200593.685,0.22286018190445583,0.02527,190.0,14,-0.004722,327,0.4,1.0968197371703907,0.9157055882789685
ENJUSDT,1774765200000,0.01978988,support,REJECTED,-0.0005361859079157979,1.4783887924878738,0.09279646427153809,0.0063623161779763375,1.7500000000000002,0.49957138158787406,129566.59114,0.04697518560555913,416037.97986,0.07410317390650885,0.01617,255.0,5,-0.001897,327,0.2,1.7642372660955012,0.8860759493670886
ENJUSDT,1774785600000,0.02067455,resistance,REJECTED,-0.03846784527775149,1.8343344629225418,0.7288654505242319,-0.002714881212332183,0.25641025641025833,0.4748718281298468,130317.25861,-0.37939247549522914,347241.44136,0.06352237958661153,0.04256,60.0,6,-0.163802,418,-0.4,1.4654403465634127,0.8029800342450857
ENJUSDT,1774813800000,0.02067455,support,REJECTED,-0.00426292252944412,19.01574327349342,0.39570856907808777,-0.001696593918100897,0.28124999999999084,0.4802424285065926,148969.93488,0.12380713556905965,480045.88342,0.17652978927186067,0.03386,380.0,25,-0.02322,418,0.2,1.1165248644874222,0.8447573175250093
ENJUSDT,1774848000000,0.02067455,support,REJECTED,-2.2074263346716872e-05,1.658514183205622,0.03786095261523823,0.00623331838572442,0.5999999999999583,0.45227957822211823,176844.16546,0.1078967833453911,676396.94205,0.04902691231091141,0.01306,85.0,1,0.01713,418,0.2,1.3306162391399345,0.8028707242054245
ENJUSDT,1774860000000,0.02067455,support,REJECTED,-0.004620962024352515,1.7864572671516172,0.07842813408130062,0.006933390900508345,0.7999999999999722,0.5376132513937322,185309.08669,0.1285683953326625,549823.24253,0.246924816377017,0.00871,110.0,0,-0.010674,418,0.0,0.0,1.0
ENJUSDT,1774881000000,0.02067455,support,BROKE,-0.0022558951751007494,12.158080837448782,0.2065461286181723,0.002338369485290221,0.5454545454545283,0.4304811655348928,182207.51918,-0.0720799365301068,460618.59323,0.13018006191315812,0.02564,205.0,10,-0.011974,418,0.0,0.0,1.0
ENJUSDT,1774898100000,0.02067455,resistance,REJECTED,-0.002374753589618924,1.2638824863990146,0.29580475172417414,-0.00650800138334332,0.8333333333332852,0.49651154077803444,196995.89892,-0.3462284480995017,361595.52244,0.013667131217831596,0.01838,255.0,5,-0.012452,418,0.2,0.4119286908265326,0.780442945819603
ENJUSDT,1774914900000,0.02067455,resistance,REJECTED,-0.003973212489994964,6.56244340787387,0.08525048542415943,-0.010148378460219865,0.571428571428536,0.4632873147367757,170603.95737,0.1158013795960936,309182.78756,-0.0021941861266444357,0.00967,120.0,0,-0.027234,418,0.0,0.0,1.0
ENJUSDT,1775024700000,0.02067455,resistance,BROKE,0.00030324969594776346,1.7339526038152302,0.1675197820392168,-0.003847725827164203,2.500000000000087,0.46021634023992414,128828.03482,-0.052440297317613904,281411.10352,-0.0146725634996121,0.02757,385.0,14,0.000581,418,0.2,1.2751195590771973,0.627906976744186
ENJUSDT,1775050200000,0.02067455,resistance,BROKE,-0.001959387336832833,1.2048344456100732,0.2445182026960952,-0.003504053865361329,0.3999999999999861,0.46130291763607056,146064.88118,-0.24320524979640235,254226.28897,-0.2106790495277531,0.02418,160.0,4,-0.035839,418,,,
ENJUSDT,1775069400000,0.02067455,support,REJECTED,-0.017614178228127674,0.3446341797593182,0.010071546664369284,0.0019183259764197988,0.3076923076923262,0.3837214025689152,129782.36778,0.17742929284202724,353834.81151,-0.031770173039170485,0.01258,40.0,1,-0.101357,418,0.2,1.1655534540789172,0.8177570093457944
ENJUSDT,1775073600000,0.02067455,support,REJECTED,-0.008057420059116588,3.081171529372491,0.011639622093535936,0.006106032473945509,0.5999999999999792,0.5446245557659842,119478.66245,-0.16670659148182132,352694.59609,-0.07348398281468473,0.01306,140.0,0,-0.038027,418,0.0,1.9182958340544896,1.0
ENJUSDT,1775084100000,0.02067455,support,REJECTED,0.010348956297330038,2.421144047639815,0.2905681009350992,0.008244435791831142,1.1428571428570296,0.5288377153067003,106522.36366,0.05508661652168978,345623.68542,-0.07894661683363095,0.00919,80.0,0,0.127657,418,0.2,2.2318858528270784,1.1546391752577319
ENJUSDT,1775093700000,0.02067455,resistance,REJECTED,-0.008135740114157554,2.797760818018102,0.15309465795171892,0.001956511749953489,0.3499999999999879,0.39613804638342615,96227.33378,-0.1008271306572257,195833.97258,0.10073299435148435,0.02757,110.0,3,-0.036093,418,0.0,1.75,0.8
ENJUSDT,1775108100000,0.02067455,resistance,BROKE,0.01203303628384295,1.2203003743919254,0.028148947204011565,0.0020201547058430283,2.4999999999999134,0.5464699144912203,121974.87683,-0.2388400449976693,235810.22894,-0.10845451528761627,0.02418,70.0,4,0.052616,418,0.2,0.8035735441323772,0.8143530485023567
ENJUSDT,1775131800000,0.02067455,resistance,REJECTED,-0.000408141923318244,6.337392486514068,0.5666696145514801,0.0005181809468517807,0.9999999999999566,0.5038861644509199,105529.66797,0.14412851329992282,204383.36766,0.1212490417628028,0.02564,310.0,8,-0.011009,418,,,
ENJUSDT,1775164800000,0.01978988,support,REJECTED,-0.01804602907617778,2.9091815086658883,0.006762791862499061,0.006322423380030746,0.6250000000000325,0.4677931704976294,100229.81507,0.13176214507088801,275944.3328,0.037644705210972046,0.01162,70.0,0,-0.109019,327,,,
ENJUSDT,1775184600000,0.02067455,resistance,REJECTED,-0.01698505766632527,6.248863702184458,0.6550203428774771,-0.008684590474762477,0.19148936170213393,0.5036199804036929,96172.34869,0.14907705589598486,205803.04094,-0.09684594549557221,0.02467,165.0,0,-0.095177,418,0.2,1.4227077257822018,0.9621252676659529
ENJUSDT,1775205000000,0.02067455,resistance,REJECTED,-0.025898625113872264,2.7353844121547044,0.38523255074907814,-0.00928283426012334,0.5000000000000867,0.5074839549668296,87122.92864,0.25775182508245764,206740.26164,0.023796069058505804,0.01306,85.0,0,-0.187236,418,0.2,1.8676338909712125,1.064516129032258
ENJUSDT,1775250000000,0.01978988,support,REJECTED,0.004322459364674482,7.865370261100779,0.11659795740193733,0.00927449042801566,8.000000000000346,0.487632100907065,98873.67899,-0.07312152351458123,299371.38934,-0.03703526412660101,0.01566,265.0,5,0.010269,327,,,
ENJUSDT,1775267400000,0.01978988,support,REJECTED,0.004889426314633764,4.038505927267931,0.23024167928887937,0.0026123931710762853,2.1428571428571357,0.5017848871316971,88906.67826,0.16363376883635394,296876.50111,0.013338123370468136,0.01971,290.0,12,0.03175,327,,,
ENJUSDT,1775310300000,0.01978988,support,REJECTED,-0.003913804740427635,2.525009951017473,0.12868073491465998,0.0063623161779763375,0.7499999999999675,0.5289620462901374,100952.04996,-0.2276959600030981,290140.67464,0.1603207350386482,0.01718,315.0,3,-0.022299,327,0.2,2.510768650436126,1.0
ENJUSDT,1775330700000,0.01978988,support,REJECTED,0.0007160237936130885,2.3102591523723524,0.10388253220180854,0.008263872880056844,1.0000000000000384,0.5488356260402087,96438.24286,-0.05466610440200892,300349.85256,0.0190398055623099,0.01263,425.0,1,0.004329,327,,,
ENJUSDT,1775358300000,0.01978988,support,REJECTED,-0.00046133422082262064,11.958407799677275,0.2610452068067276,0.006083066592356152,0.9999999999998613,0.4979060160242551,112710.62575,-0.14210728100075287,307771.31064,0.0022354547416479895,0.02173,505.0,37,-0.00279,327,0.0,0.0,1.0
ENJUSDT,1775388900000,0.01978988,resistance,REJECTED,0.042392322582973235,1.7818606567505988,0.03807010713183415,-0.004741179250255777,1.25,0.5246487323358178,101619.04321,0.11492354824841922,194028.7673,-0.02028118031741871,0.01415,50.0,0,0.175015,327,0.2,1.4175808336713067,0.6909541455430014
ENJUSDT,1775397600000,0.01978988,resistance,REJECTED,-0.0031086287028548685,1.4505160670402177,-0.12954285970001217,-0.008730459044830248,0.5000000000000174,0.40181313421271764,103820.39973,-0.10038509968223597,185006.07032,0.05088509807751827,0.00758,40.0,0,0.003355,327,0.0,1.1488348542809166,1.0
ENJUSDT,1775430900000,0.01978988,resistance,REJECTED,0.0005019969313720536,4.365054194308125,0.2212455738042379,-0.003517800113252937,0.5454545454546229,0.4802978229943343,103927.19704,-0.024890403759507684,210584.94977,0.0931583019862546,0.02072,480.0,33,0.002576,327,0.4,0.8064975383226127,0.8918749739181238
ENJUSDT,1775460000000,0.01978988,support,BROKE,-0.00040903927039776677,1.2814708279440796,0.062253342475725504,0.0015751804244870768,0.5714285714286139,0.44831878015429727,133928.58066,-0.07993106471429767,319417.1715,0.09285716131593624,0.02021,350.0,24,-0.002643,327,,,
ENJUSDT,1775483100000,0.01978988,resistance,REJECTED,-0.002878178491973856,0.30544650541601115,0.10538105530986308,-0.010645313346225952,1.6000000000001389,0.5619243178922538,115153.18974,0.005758018620893757,216154.10927,0.006618148377774129,0.00505,40.0,0,-0.01969,327,,,
ENJUSDT,1775487300000,0.01978988,resistance,REJECTED,-0.02477375467734036,0.19712351188704558,0.35630168333883055,-0.010645313346225952,0.8750000000000434,0.47015057662547904,112346.45644,-0.26714262933776234,215952.9634,-0.004043627001183165,0.00758,65.0,0,-0.106408,327,,,
ENJUSDT,1775505600000,0.01978988,resistance,REJECTED,-0.0027957523156054275,4.252799006848607,0.22107108330232994,-0.0030390865379039235,0.7857142857143159,0.5196642553649793,111086.36713,-0.10619364969739475,206093.22468,-0.023082497662534934,0.02173,330.0,14,-0.014191,327,0.2,0.3314449666275464,1.0138280511895559
ENJUSDT,1775601300000,0.01978988,support,REJECTED,-0.005733041349490954,0.5664054970806154,0.4908981050839433,6.063705287892438e-06,0.785714285714291,0.5600259070070638,90430.61009,0.12138607276224744,262186.80101,-0.05838040504146381,0.0283,85.0,2,-0.011269,327,,,
ENJUSDT,1775608200000,0.01978988,support,REJECTED,-0.006283315410094542,0.43931381225017185,-0.01773417185752315,0.006322423380030746,0.3333333333333205,0.4052533018547246,103313.97929,-0.03602879618438837,307495.8953,-0.01706536273492698,0.01061,85.0,0,-0.03624,327,0.6,1.213390760756771,0.9367238320520402
ENJUSDT,1775623200000,0.02067455,resistance,REJECTED,-0.01828143083535458,3.558436856804293,0.15119952142683143,-0.012464982054595772,0.4666666666666667,0.45630365977349274,114310.42282,-0.15182377165750904,220269.07685,-0.0052822249195378585,0.01306,50.0,0,-0.222554,418,,,
ENJUSDT,1775633700000,0.02067455,resistance,REJECTED,0.006812082894131947,0.8641525980937717,-0.03803469489574677,-0.004827827347861799,0.9999999999999653,0.5651252467584919,91347.48466,-0.5291087788018611,199424.16229,-0.10454241845716251,0.01064,50.0,0,0.010685,418,1.0,1.940593624176297,0.68
ENJUSDT,1775640000000,0.02067455,resistance,REJECTED,-0.00949445593294742,5.431053308400102,0.3127252155231427,-0.009257377077767491,1.0,0.44506998653410584,83567.87556,-0.24937902247041266,187520.83111,0.07266187861988702,0.01548,160.0,0,-0.064221,418,,,
ENJUSDT,1775651400000,0.02067455,resistance,BROKE,-0.0006908081000721522,3.4330534347840844,0.2560754115563909,-0.006227972377429649,0.6956521739130422,0.5109862625243271,59252.88321,0.15697807212540715,182556.71743,-0.0017391128403145392,0.02564,160.0,2,0.020712,418,0.4,0.6197882164381143,0.7948066935949221
ENJUSDT,1775667600000,0.02691875,support,FAKE,-0.012502376410970665,-0.02217887884455516,0.646628313023266,0.007935673872398569,0.6399999999999983,0.4936429870220427,161537.56011,-0.7256735505429683,777401.78363,-0.06201885319977225,0.04718,45.0,4,-0.103516,16,-3.2,0.5310175320940405,0.9889729125462982
ENJUSDT,1775672100000,0.02691875,support,REJECTED,-0.012634032868348457,1.6876665593855322,0.6561719876750859,0.001053364779489837,0.6078431372548976,0.5091112968712318,213701.22533,-0.24647044351578984,874602.5838,0.1480447268407414,0.03641,75.0,2,-0.062626,16,-0.2,1.6731835707803513,0.9799629996503905
ENJUSDT,1775683800000,0.02691875,support,BROKE,-0.010762820378924716,0.015137196174988432,0.43130955572331564,0.0015323891339678161,0.44155844155843965,0.5010045276347926,172549.44258,-0.022467065421320598,912180.27516,-0.05361306497015033,0.03269,85.0,8,-0.057229,16,-1.6,0.40839087393657447,0.85628705773664
ENJUSDT,1775691000000,0.02691875,resistance,BROKE,0.0347590930156033,7.232417474535735,0.3247588232068065,-0.0005107963779894439,1.9629629629629646,0.5012329137260816,169112.19233,0.051434546385714874,750146.59395,0.20995437565801897,0.05907,40.0,5,0.186092,16,1.8,0.4151843846060726,0.92581354288323
ENJUSDT,1775711100000,0.03104176,resistance,REJECTED,-0.0072999969589782445,1.8210949064151536,0.10001767721007117,0.005962358618298557,0.6170212765957478,0.49951405673725324,204163.95372,0.0003913595229990685,608717.00309,0.13053454344260482,0.07764,60.0,1,-0.067217,34,0.2,0.6922380469774346,0.9563345748491332
ENJUSDT,1775721000000,0.02990667,resistance,REJECTED,-0.003938541009241087,1.5139633508822654,0.4790492306473872,-0.00139333466414016,0.6470588235294109,0.5019529975795324,271811.5778,-0.6281084515212365,757377.45806,0.0038146516354133513,0.04414,125.0,6,-0.010172,33,-1.0,1.933500162497568,0.958005287682038
ENJUSDT,1775729100000,0.02893163,resistance,BROKE,-0.030971218717450663,2.3296293176399265,0.44300296081472057,-0.018220761007571015,0.777777777777782,0.47097042604801365,197467.26299,0.2447882421611095,734330.87811,0.029679820610798168,0.0394,50.0,3,-0.155925,49,0.8,0.4471295143528831,0.9479893076418445
ENJUSDT,1775732700000,0.02990667,support,BROKE,-0.004662223581003819,0.17324089898441875,0.4288233591738092,-0.003188392774130904,0.8988764044943826,0.5091293084958617,166125.65707,0.13260538022907797,990521.34231,0.1599635473046538,0.05584,35.0,1,-0.045907,33,-1.0,0.8181646159895049,0.9943005164881068
ENJUSDT,1775742300000,0.03227333,resistance,FAKE,0.011963760955647117,0.0945139242376225,0.32830471681535667,-0.013386105819458977,1.886075949367093,0.4934830420452806,181652.45395,-0.3924409299923759,770710.03495,0.014347736107034588,0.07405,60.0,1,0.085909,12,-1.6,1.2316756232792458,1.0467755243117884
ENJUSDT,1775779200000,0.02990667,support,BROKE,-0.013814416695614371,0.7432392701604922,0.7462899334823762,0.0022495773826056733,0.43010752688172144,0.49597073424908783,190809.61745,0.008679412044372503,877073.15488,-0.031990371393622104,0.05551,90.0,5,-0.083498,33,-0.6,1.0680051742278156,0.7923956697177009
ENJUSDT,1775786400000,0.02990667,support,REJECTED,0.003125594249246852,0.5130095700949489,0.2856033917099219,0.0023375704272131856,0.5999999999999913,0.5018700734200211,194959.73881,0.11664654543067465,835685.61048,0.014270068452562127,0.02909,55.0,3,0.009357,33,-1.2,1.8839368393382057,0.8423208728876984
ENJUSDT,1775797800000,0.02990667,support,BROKE,0.02253707110116025,0.2640534867677471,0.14245607751287048,0.009262623037814447,1.7307692307692513,0.49208709112818333,229602.77294,0.19466422633793368,1067457.22692,-0.011979403193541018,0.02508,45.0,0,0.119311,33,0.0,1.105025195980989,0.8210761237228441
ENJUSDT,1775805600000,0.02893163,resistance,BROKE,-0.007122181648306006,1.8609576060624984,0.31821263485217477,-0.0034218058592838767,0.6538461538461544,0.490107253176902,246353.32413,-0.14904507802822464,626172.12128,0.0386813465220976,0.03733,170.0,7,-0.033853,49,0.2,1.3516364288394602,0.835229528355781
ENJUSDT,1775817600000,0.02893163,resistance,BROKE,-0.015120169095916345,0.8618980213432592,0.6842787286736963,-0.0021483862398859544,0.6551724137931116,0.4779124851565192,215513.4508,0.04716373690592346,543452.77559,-0.01836209349304686,0.02973,80.0,4,-0.071094,49,0.0,1.7345665876571792,0.7703240518310829
ENJUSDT,1775824200000,0.02893163,support,BROKE,-0.007698011255806003,0.41783009882288447,0.44255230572871423,0.004673504578316481,0.41095890410958574,0.5058851275119464,283630.79277,-0.41829040508891824,788052.72251,0.13645248903589124,0.0318,75.0,4,-0.040852,49,0.2,1.2831256466607226,0.7848536844946832
ENJUSDT,1775830500000,0.02893163,support,REJECTED,-0.0050157947937405235,0.4940885385987359,0.3204756647712303,0.0011897923338210841,0.7931034482758457,0.5032361591073788,193895.94862,0.1722460787409551,640733.966,0.14501104376409407,0.02765,205.0,10,-0.030727,49,,,
ENJUSDT,1775845200000,0.02893163,support,BROKE,-0.0010957935523430494,1.2573164979553781,0.2704858507104279,-0.0005838992789115561,1.3157894736841933,0.4858090374194882,192241.97189,-0.1362768691102505,754981.47644,0.1669745316684001,0.02212,225.0,16,-0.003534,49,0.4,1.1871125989750537,0.7254403486471763
ENJUSDT,1775867100000,0.02792423,support,BROKE,0.010002500170681512,3.3362116001985407,-0.06463855696881106,0.009131156931302599,2.777777777777859,0.4883997196586055,192706.94785,-0.1614688887283,869069.63045,0.0918481728266755,0.03187,55.0,3,0.064407,26,-0.2,1.4760395959908255,0.7891167173325905
ENJUSDT,1775871900000,0.02792423,support,BROKE,-0.011943040280492844,15.23229981130239,0.5644283930179999,0.0181970432507048,0.9473684210526344,0.4930453318611213,173983.13,0.0348530583388047,794096.45999,0.09059950918619467,0.03295,100.0,4,-0.053961,26,0.8,1.432106371490207,0.7843432980361651
ENJUSDT,1775880300000,0.02792423,resistance,REJECTED,0.00059070800563562,21.688798457726985,0.062090745922719244,-0.01892408586792859,0.8518518518518595,0.45838931158270546,111028.31798,-0.07728680507132557,324657.1757,0.09104150453014748,0.01647,105.0,5,-0.052609,26,-1.0,2.2467663227345227,0.7756717350551968
ENJUSDT,1775888400000,0.02792423,resistance,BROKE,0.019282586695500096,8.289028743570345,0.831565172072574,0.017820083320584212,1.8461538461538234,0.5391325925162529,100178.97988,0.14001903692748574,341808.85495,0.22127972150456118,0.02829,95.0,3,0.049875,26,,,
ENJUSDT,1775899200000,0.02792423,support,REJECTED,-0.00312833417276915,1.4299382967115402,0.17046914504513572,0.005832757542746733,2.1176470588236107,0.49509482281290457,81726.56858,0.46024648931185175,594180.25616,0.02107394829326189,0.02435,100.0,3,-0.015502,26,0.2,2.0602555425293634,0.7398989161237547
ENJUSDT,1775911200000,0.02893163,resistance,BROKE,0.006659843586118996,3.439462390804754,0.38395389227380583,-0.008278992121844018,4.450000000000037,0.5155386498184145,108496.42001,-0.13561914611555026,498370.75952,0.10120867559319843,0.04321,170.0,4,0.044455,49,1.4,1.5190642094972273,0.6890246621772288
ENJUSDT,1775923500000,0.03104176,support,BROKE,-0.03841052143455006,0.23234674266741884,0.7521299590876248,0.005987791251119988,0.22169811320755026,0.4877231085839469,63053.92094,0.24337295542204762,484277.10415,-0.06504548323664323,0.08408,50.0,2,-0.352058,34,1.4,1.7367300459931827,0.6785472591924205
ENJUSDT,1775928000000,0.02990667,support,REJECTED,-0.007336819319063266,0.09995416291715298,0.048862537598723756,0.006068475518566415,1.0,0.5536799857422204,92434.01438,0.18454409502256408,577549.53443,0.010431875338098128,0.02107,75.0,2,-0.029239,33,0.4,1.67157812733896,0.7789090455512852
ENJUSDT,1775950200000,0.03104176,support,REJECTED,0.013265105120491623,1.4974300092286454,0.17314141410390074,-0.0015063578869240445,0.5750000000000159,0.39816270357356787,126876.16761,-0.010139741158359694,640305.07977,-0.09629554997367552,0.0306,40.0,2,0.057478,34,-0.2,0.15182960873389853,0.84926591183861
ENJUSDT,1775959200000,0.03227333,support,BROKE,-0.045141631406543765,-0.4584111524757559,0.7297325029114541,0.012592652884138654,0.33858267716536145,0.48203306243271493,186068.08156,-0.45348766931419515,891996.95098,0.26104066542691917,0.02572,45.0,2,-0.202632,12,0.2,1.7277747126026721,0.7161208193496124
ENJUSDT,1775966100000,0.03227333,resistance,REJECTED,-0.02827137114454523,1.6357944418276453,0.4220827936206674,-0.006544869613458266,0.8484848484848444,0.48468052419703217,137401.1506,-0.06493495574486574,577821.48655,0.0632444450148061,0.0409,35.0,2,-0.269838,12,-3.8,0.9765022623844227,0.7235877529167821
ENJUSDT,1775978400000,0.03104176,support,REJECTED,-0.01837474179597099,5.94299989896696,0.32547296663572717,0.01047241217196308,0.6515151515151505,0.4862932943429788,150896.25867,-0.6098450628742516,871526.0583,0.22764063577567392,0.03608,60.0,0,-0.092275,34,0.6,1.7881354232779272,0.8093886816928815
ENJUSDT,1775982900000,0.03227333,resistance,BROKE,-0.03920826509955688,1.8925013939837445,0.6127765406301753,0.022964586679172186,1.0277777777777868,0.49568940688319857,134448.73787,-0.005289775590270551,475199.41646,-0.20754596008491763,0.04803,35.0,0,-0.263913,12,-0.2,1.3972556958980684,0.6997554614031235
ENJUSDT,1775985600000,0.03319889,support,REJECTED,-0.014667585337855643,0.8448829090581209,0.7607855289940819,0.0012937813662791508,0.971830985915494,0.5068242406895961,69867.0962,0.3354244128891788,636591.695,-0.0026990105494344987,0.03374,40.0,1,-0.002691,9,-0.2,0.4171649652643654,0.7439480849763851
ENJUSDT,1776012600000,0.039686,resistance,REJECTED,-0.04459488574523258,0.06309832397961612,0.7238318541227708,-0.008287424704986756,0.3821656050955386,0.49481255251577944,213136.69279,-0.11639645597396941,903704.14596,-0.1594753519569508,0.02999,30.0,0,-0.169107,10,-2.0,1.8223383805967894,0.716846126196924
ENJUSDT,1776018900000,0.03873875,resistance,REJECTED,-0.01678428924949801,13.116163417237221,0.3689475967785491,-0.01865567083142982,0.7088607594936631,0.5137404645745173,149158.37874,0.128774297218341,671873.25012,-0.12013129562986553,0.03614,35.0,3,-0.092005,8,0.4,0.5516226303550659,0.7654507695092135
ENJUSDT,1776027000000,0.03873875,support,FAKE,-0.0011692727494817556,0.4038929061654195,0.6290650093200774,0.023692786870211747,0.688311688311692,0.531521236918481,157082.57955,0.16209782904364045,812835.46243,0.16446901802072816,0.04621,55.0,0,-0.053374,8,0.2,1.1870850692364787,0.6880564574425073
ENJUSDT,1776031800000,0.03873875,support,BROKE,-0.002258211249337157,1.5396740676515095,0.342129786337047,0.0056705766869496405,0.4615384615384588,0.5000068979380703,98666.39284,0.31469225298505366,872962.00947,-0.009738974418928686,0.0253,45.0,3,-0.031676,8,-2.4,0.8531631916232715,0.6479146045098342
ENJUSDT,1776038700000,0.03596,support,REJECTED,-0.060063636644479605,1.0800367943474583,0.2997334628895364,0.002502780867630695,0.21925133689839563,0.48322992997978964,,,,,0.03254,40.0,1,-0.453913,9,,,
ENJUSDT,1776047100000,0.03596,support,REJECTED,-0.00966851399615996,4.729047688406649,0.20440857016496689,0.003600491774486084,0.6399999999999872,0.5062813618780377,,,,,0.02392,100.0,8,-0.03216,9,1.4,0.29621528078580106,0.8209565603898029
ENJUSDT,1776056400000,0.03596,resistance,REJECTED,-0.009564390695909392,1.0209675902969124,0.38251952992999966,-0.00039517592646802485,0.374999999999995,0.49220263664044933,,,,,0.04672,105.0,4,-0.077439,9,0.0,0.20315562931481823,0.8861375509911973
ENJUSDT,1776063600000,0.034964,support,REJECTED,-0.005106581690061883,1.982329947039052,0.18365106265081066,0.0004350339296357463,0.41304347826087356,0.4627440039678617,,,,,0.0266,100.0,9,-0.023318,10,0.0,0.1271879725908965,0.7489897190332588
ENJUSDT,1776080700000,0.039686,support,REJECTED,-0.003305995923309452,1.0418961739299277,0.3487414053267519,0.006148263871390444,0.6619718309859108,0.49554396820151025,,,,,0.03377,130.0,4,-0.03054,10,0.8,1.74368413394526,0.7379233381777687
